"Title","Sub Title","Authors/Editors","Edition Number","Volume Number","Part Number","Publisher","DOI","Online Publication date","Online ISBN","PB ISBN","PB Publication date","HB ISBN","HB Publication date","Series","Main subject","Sub subject","URL"
"Absolutely Summing Operators","","Joe Diestel, Kent State University, Ohio; Hans Jarchow, Universitat Zurich; Andrew Tonge, Kent State University, Ohio","1","","","Cambridge University Press","https://doi.org/10.1017/CBO9780511526138","21-10-2009","9780511526138","9780521064934","12-06-2008","9780521431682","27-04-1995","Cambridge Studies in Advanced Mathematics","Abstract analysis","","https://www.cambridge.org/core/books/absolutely-summing-operators/2E5A2E50E4725B4CC739607FF464823E"
"Additive Combinatorics","","Terence Tao, University of California, Los Angeles; Van H. Vu, Rutgers University, New Jersey","1","","","Cambridge University Press","https://doi.org/10.1017/CBO9780511755149","18-06-2010","9780511755149","9780521136563","19-11-2009","9780521853866","14-09-2006","Cambridge Studies in Advanced Mathematics","Real and complex analysis","Number theory","https://www.cambridge.org/core/books/additive-combinatorics/D408BA34B567974CC8FB0CEC2A49A807"
"Algebraic Automata Theory","","M. Holcombe","1","","","Cambridge University Press","https://doi.org/10.1017/CBO9780511525889","22-09-2009","9780511525889","9780521604925","03-06-2004","","","Cambridge Studies in Advanced Mathematics","Logic, categories and sets","Programming languages and applied logic","https://www.cambridge.org/core/books/algebraic-automata-theory/09F9F4EC17BF48630DC21EFA2DB3EB7C"
"Algebraic Groups","The Theory of Group Schemes of Finite Type over a Field","J. S. Milne, University of Michigan, Ann Arbor","1","","","Cambridge University Press","https://doi.org/10.1017/9781316711736","25-10-2017","9781316711736","","","9781107167483","21-09-2017","Cambridge Studies in Advanced Mathematics","Topology and geometry","Algebra","https://www.cambridge.org/core/books/algebraic-groups/48D122BAEC63C2B70304E20F34482C8F"
"Algebraic Homotopy","","Hans Joachim Baues, Max-Planck-Institut fur Mathematik in den Naturwissenschaften, Leipzig","1","","","Cambridge University Press","https://doi.org/10.1017/CBO9780511662522","22-03-2010","9780511662522","9780521055314","20-03-2008","9780521333764","16-02-1989","Cambridge Studies in Advanced Mathematics","Topology and geometry","Algebra","https://www.cambridge.org/core/books/algebraic-homotopy/54FC268C9D3E89F1B7968372C023A7E2"
"Algebraic Number Theory","","A. Frohlich, University of London; M. J. Taylor, University of Manchester Institute of Science and Technology","1","","","Cambridge University Press","https://doi.org/10.1017/CBO9781139172165","05-06-2012","9781139172165","9780521438346","04-02-1993","","","Cambridge Studies in Advanced Mathematics","Number theory","","https://www.cambridge.org/core/books/algebraic-number-theory/A47B605B1066C5781C1466FF19E50160"
"An Introduction to Contact Topology","","Hansjorg Geiges, Universitat zu Koln","1","","","Cambridge University Press","https://doi.org/10.1017/CBO9780511611438","05-11-2009","9780511611438","","","9780521865852","13-03-2008","Cambridge Studies in Advanced Mathematics","Topology and geometry","","https://www.cambridge.org/core/books/an-introduction-to-contact-topology/F851B2A2E7E78C6B9967A18A6641B40C"
"An Introduction to Homological Algebra","","Charles A. Weibel, Rutgers University, New Jersey","1","","","Cambridge University Press","https://doi.org/10.1017/CBO9781139644136","05-03-2013","9781139644136","9780521559874","25-01-1996","","","Cambridge Studies in Advanced Mathematics","Algebra","Real and complex analysis","https://www.cambridge.org/core/books/an-introduction-to-homological-algebra/AAA3F16482097015CD12D4376D505282"
"An Introduction to Invariants and Moduli","","Shigeru Mukai, Nagoya University, Japan; W. M. Oxbury, University of Durham","1","","","Cambridge University Press","https://doi.org/10.1017/CBO9781316257074","05-02-2015","9781316257074","9781107406360","01-11-2012","9780521809061","18-09-2003","Cambridge Studies in Advanced Mathematics","Topology and geometry","Algebra","https://www.cambridge.org/core/books/an-introduction-to-invariants-and-moduli/FD47BBB910AA000A98E491D105185928"
"An Introduction to Lie Groups and Lie Algebras","","Alexander Kirillov, Jr, State University of New York, Stony Brook","1","","","Cambridge University Press","https://doi.org/10.1017/CBO9780511755156","31-05-2010","9780511755156","9781316614105","06-04-2017","9780521889698","31-07-2008","Cambridge Studies in Advanced Mathematics","Algebra","","https://www.cambridge.org/core/books/an-introduction-to-lie-groups-and-lie-algebras/98E68056F3EE57686421863E2B0B5DF4"
"An Introduction to Nonlinear Analysis","","Martin Schechter, University of California, Irvine","1","","","Cambridge University Press","https://doi.org/10.1017/CBO9780511608742","04-08-2010","9780511608742","9780521605137","13-09-2012","9780521843973","13-01-2005","Cambridge Studies in Advanced Mathematics","Real and complex analysis","Differential and integral equations, dynamical systems and control","https://www.cambridge.org/core/books/an-introduction-to-nonlinear-analysis/D18EC5816D358F193CF892BC39414EC0"
"An Introduction to Random Matrices","","Greg W. Anderson, University of Minnesota; Alice Guionnet, Ecole Normale Superieure, Lyon; Ofer Zeitouni, Weizmann Institute/University of Minnesota","1","","","Cambridge University Press","https://doi.org/10.1017/CBO9780511801334","03-02-2011","9780511801334","","","9780521194525","19-11-2009","Cambridge Studies in Advanced Mathematics","Probability theory and stochastic processes","","https://www.cambridge.org/core/books/an-introduction-to-random-matrices/8992DA8EB0386651E8DA8214A1FC7241"
"An Introduction to the Theory of Reproducing Kernel Hilbert Spaces","","Vern I. Paulsen, University of Waterloo, Ontario; Mrinal Raghupathi","1","","","Cambridge University Press","https://doi.org/10.1017/CBO9781316219232","05-04-2016","9781316219232","","","9781107104099","14-04-2016","Cambridge Studies in Advanced Mathematics","Abstract analysis","Probability theory and stochastic processes","https://www.cambridge.org/core/books/an-introduction-to-the-theory-of-reproducing-kernel-hilbert-spaces/C3FD9DF5F5C21693DD4ED812B531269A"
"An Introduction to the Theory of the Riemann Zeta-Function","","S. J. Patterson, Georg-August-Universitat, Gottingen, Germany","1","","","Cambridge University Press","https://doi.org/10.1017/CBO9780511623707","05-08-2012","9780511623707","9780521499057","02-02-1995","","","Cambridge Studies in Advanced Mathematics","Number theory","","https://www.cambridge.org/core/books/an-introduction-to-the-theory-of-the-riemann-zetafunction/0E4CBCB29818E59EA672475BE153EF82"
"An Outline of Ergodic Theory","","Steven Kalikow, University of Memphis; Randall McCutcheon, University of Memphis","1","","","Cambridge University Press","https://doi.org/10.1017/CBO9780511801600","05-06-2012","9780511801600","","","9780521194402","25-03-2010","Cambridge Studies in Advanced Mathematics","Discrete mathematics, information theory and coding theory","Communications and signal processing","https://www.cambridge.org/core/books/an-outline-of-ergodic-theory/FC42EEC3C2BC73BCB9D93C39346D82B1"
"Analysis in Integer and Fractional Dimensions","","Ron Blei, University of Connecticut","1","","","Cambridge University Press","https://doi.org/10.1017/CBO9780511543012","13-08-2009","9780511543012","","","9780521650847","19-07-2001","Cambridge Studies in Advanced Mathematics","Abstract analysis","","https://www.cambridge.org/core/books/analysis-in-integer-and-fractional-dimensions/FE971FEA437A1F85F2E0B185D37E20ED"
"Analysis on Lie Groups","An Introduction","Jacques Faraut, Universite de Paris VI (Pierre et Marie Curie)","1","","","Cambridge University Press","https://doi.org/10.1017/CBO9780511755170","29-05-2010","9780511755170","","","9780521719308","22-05-2008","Cambridge Studies in Advanced Mathematics","Abstract analysis","Algebra","https://www.cambridge.org/core/books/analysis-on-lie-groups/8E34C57AFA7E0FBCDD38B9D2106C71BF"
"Analytic Combinatorics in Several Variables","","Robin Pemantle, University of Pennsylvania; Mark C. Wilson, University of Auckland","1","","","Cambridge University Press","https://doi.org/10.1017/CBO9781139381864","05-07-2013","9781139381864","","","9781107031579","08-08-2013","Cambridge Studies in Advanced Mathematics","Discrete mathematics, information theory and coding theory","","https://www.cambridge.org/core/books/analytic-combinatorics-in-several-variables/7FD6C5820465ECC25FBDF42236BFAEB2"
"Analytic Pro-P Groups","","J. D. Dixon, Carleton University, Ottawa; M. P. F. Du Sautoy, University of Cambridge; A. Mann, Hebrew University of Jerusalem; D. Segal, University of Oxford","2","","","Cambridge University Press","https://doi.org/10.1017/CBO9780511470882","03-12-2009","9780511470882","9780521542180","18-09-2003","","","Cambridge Studies in Advanced Mathematics","Algebra","","https://www.cambridge.org/core/books/analytic-prop-groups/FC96FCA4B4EF667EC6F035513E11DB32"
"Association Schemes","Designed Experiments, Algebra and Combinatorics","R. A. Bailey, Queen Mary University of London","1","","","Cambridge University Press","https://doi.org/10.1017/CBO9780511610882","16-11-2009","9780511610882","9780521188012","03-03-2011","9780521824460","26-02-2004","Cambridge Studies in Advanced Mathematics","Discrete mathematics, information theory and coding theory","Statistical theory and methods","https://www.cambridge.org/core/books/association-schemes/53BF9F1943AE2287500AFB545B87CA94"
"Automorphic Forms and L-Functions for the Group GL(n,R)","","Dorian Goldfeld, Columbia University, New York","1","","","Cambridge University Press","https://doi.org/10.1017/CBO9780511542923","22-08-2009","9780511542923","9781107565029","26-11-2015","9780521837712","03-08-2006","Cambridge Studies in Advanced Mathematics","Number theory","Discrete mathematics, information theory and coding theory","https://www.cambridge.org/core/books/automorphic-forms-and-lfunctions-for-the-group-glnr/C60CBD7E879EFE61AD406D271B44535C"
"Automorphic Forms and Representations","","Daniel Bump, Stanford University, California","1","","","Cambridge University Press","https://doi.org/10.1017/CBO9780511609572","15-12-2009","9780511609572","9780521658188","11-03-1999","","","Cambridge Studies in Advanced Mathematics","Number theory","Algebra","https://www.cambridge.org/core/books/automorphic-forms-and-representations/F46424A2D9646FE32D9B792BC5E0238A"
"Automorphic Representations and L-Functions for the General Linear Group","","Dorian Goldfeld, Columbia University, New York; Joseph Hundley, Southern Illinois University, Carbondale","1","2","","Cambridge University Press","https://doi.org/10.1017/CBO9780511910531","05-06-2012","9780511910531","","","9781107007994","21-04-2011","Cambridge Studies in Advanced Mathematics","Number theory","","https://www.cambridge.org/core/books/automorphic-representations-and-lfunctions-for-the-general-linear-group/F87D3F86049B190AA4D18A15BA3A45D0"
"Automorphic Representations and L-Functions for the General Linear Group","","Dorian Goldfeld, Columbia University, New York; Joseph Hundley, Southern Illinois University, Carbondale","1","1","","Cambridge University Press","https://doi.org/10.1017/CBO9780511973628","16-05-2011","9780511973628","","","9780521474238","21-04-2011","Cambridge Studies in Advanced Mathematics","Number theory","","https://www.cambridge.org/core/books/automorphic-representations-and-lfunctions-for-the-general-linear-group/DDD46C3820DEFB2A307F849289E87661"
"Banach Spaces for Analysts","","P. Wojtaszczyk","1","","","Cambridge University Press","https://doi.org/10.1017/CBO9780511608735","03-05-2010","9780511608735","9780521566759","01-08-1996","","","Cambridge Studies in Advanced Mathematics","Abstract analysis","","https://www.cambridge.org/core/books/banach-spaces-for-analysts/7647AD5BB01A5ABBC96789F74DDE8A2F"
"Basic Category Theory","","Tom Leinster, University of Edinburgh","1","","","Cambridge University Press","https://doi.org/10.1017/CBO9781107360068","05-08-2014","9781107360068","","","9781107044241","24-07-2014","Cambridge Studies in Advanced Mathematics","Logic, categories and sets","Programming languages and applied logic","https://www.cambridge.org/core/books/basic-category-theory/A72533879BBC7BD956CC415777B7DA99"
"Cellular Structures in Topology","","Rudolf Fritsch, Ludwig-Maximilians-Universitat Munchen; Renzo Piccinini, Memorial University of Newfoundland","1","","","Cambridge University Press","https://doi.org/10.1017/CBO9780511983948","05-11-2011","9780511983948","9780521063876","05-06-2008","9780521327848","27-09-1990","Cambridge Studies in Advanced Mathematics","Topology and geometry","","https://www.cambridge.org/core/books/cellular-structures-in-topology/C23C9D5E0DAA7DAA0BF8E5B7C80FB993"
"Central Simple Algebras and Galois Cohomology","","Philippe Gille, Centre National de la Recherche Scientifique (CNRS), Paris; Tamás Szamuely, Hungarian Academy of Sciences, Budapest","1","","","Cambridge University Press","https://doi.org/10.1017/CBO9780511607219","09-11-2009","9780511607219","","","","","Cambridge Studies in Advanced Mathematics","Topology and geometry","Algebra","https://www.cambridge.org/core/books/central-simple-algebras-and-galois-cohomology/B4A8F430A0D6C5A59722BD48AEF94C05"
"Central Simple Algebras and Galois Cohomology","","Philippe Gille; Tamás Szamuely","2","","","Cambridge University Press","https://doi.org/10.1017/9781316661277","07-08-2017","9781316661277","9781316609880","10-08-2017","9781107156371","10-08-2017","Cambridge Studies in Advanced Mathematics","Algebra","Topology and geometry","https://www.cambridge.org/core/books/central-simple-algebras-and-galois-cohomology/CD3D09C000228AA0AC5726BED8C328C4"
"Character Theory and the McKay Conjecture","","Gabriel Navarro, Universitat de Valencia, Spain","1","","","Cambridge University Press","","30-04-2018","9781108552790","","","9781108428446","26-04-2018","Cambridge Studies in Advanced Mathematics","Algebra","","https://www.cambridge.org/core/books/character-theory-and-the-mckay-conjecture/4F8462A44F0DC4C6F53EDA5D172CDB6C"
"Characteristic Classes and the Cohomology of Finite Groups","","C. B. Thomas","1","","","Cambridge University Press","https://doi.org/10.1017/CBO9780511897344","05-11-2011","9780511897344","9780521090650","27-11-2008","","","Cambridge Studies in Advanced Mathematics","Topology and geometry","Algebra","https://www.cambridge.org/core/books/characteristic-classes-and-the-cohomology-of-finite-groups/5E144BC0DB7B4FE37FCD13E1ED6D1AC3"
"Classical and Multilinear Harmonic Analysis","","Camil Muscalu, Cornell University, New York; Wilhelm Schlag, University of Chicago","1","1","","Cambridge University Press","https://doi.org/10.1017/CBO9781139047081","05-02-2013","9781139047081","","","9780521882453","31-01-2013","Cambridge Studies in Advanced Mathematics","Real and complex analysis","","https://www.cambridge.org/core/books/classical-and-multilinear-harmonic-analysis/0F3A1DE477BFF6547CB8A93F6B3588E8"
"Classical and Multilinear Harmonic Analysis","","Camil Muscalu, Cornell University, New York; Wilhelm Schlag, University of Chicago","1","2","","Cambridge University Press","https://doi.org/10.1017/CBO9781139410397","05-02-2013","9781139410397","","","9781107031821","31-01-2013","Cambridge Studies in Advanced Mathematics","Real and complex analysis","","https://www.cambridge.org/core/books/classical-and-multilinear-harmonic-analysis/90D53D53035CFACFA9F23D03DD298A5B"
"Clifford Algebras and Dirac Operators in Harmonic Analysis","","J. Gilbert, University of Texas, Austin; M. Murray, Virginia Polytechnic Institute and State University","1","","","Cambridge University Press","https://doi.org/10.1017/CBO9780511611582","23-11-2009","9780511611582","9780521071987","14-08-2008","9780521346542","08-08-1991","Cambridge Studies in Advanced Mathematics","Abstract analysis","Mathematical physics","https://www.cambridge.org/core/books/clifford-algebras-and-dirac-operators-in-harmonic-analysis/64345613F0DFBC2016A603764A356EE6"
"Clifford Algebras and the Classical Groups","","Ian R. Porteous, University of Liverpool","1","","","Cambridge University Press","https://doi.org/10.1017/CBO9780511470912","22-09-2009","9780511470912","9780521118026","06-08-2009","9780521551779","05-10-1995","Cambridge Studies in Advanced Mathematics","Algebra","Real and complex analysis","https://www.cambridge.org/core/books/clifford-algebras-and-the-classical-groups/F14B7362F52D08E4F2118B28B7B22D30"
"Cohen-Macaulay Rings","","Winfried Bruns; H. Jurgen Herzog","2","","","Cambridge University Press","https://doi.org/10.1017/CBO9780511608681","04-12-2009","9780511608681","9780521566742","18-06-1998","","","Cambridge Studies in Advanced Mathematics","Algebra","","https://www.cambridge.org/core/books/cohenmacaulay-rings/938BC2204D8A7C99E2CEBA1695A692A4"
"Cohomological Methods in Transformation Groups","","Christopher Allday, University of Hawaii, Manoa; Volker Puppe, Universitat Konstanz, Germany","1","","","Cambridge University Press","https://doi.org/10.1017/CBO9780511526275","04-12-2009","9780511526275","9780521101325","12-02-2009","9780521350228","01-07-1993","Cambridge Studies in Advanced Mathematics","Topology and geometry","","https://www.cambridge.org/core/books/cohomological-methods-in-transformation-groups/CDB0ED0BEA063C8144CBD0574F0DC173"
"Cohomology of Drinfeld Modular Varieties","","Gerard Laumon, Universite de Paris XI; Jean Loup Waldspurger","1","","2","Cambridge University Press","https://doi.org/10.1017/CBO9780511661969","25-03-2010","9780511661969","9780521109901","30-04-2009","9780521470612","09-01-1997","Cambridge Studies in Advanced Mathematics","Number theory","Topology and geometry","https://www.cambridge.org/core/books/cohomology-of-drinfeld-modular-varieties/68EB893F074DC9E2C6E0C8B87EB86F70"
"Cohomology of Drinfeld Modular Varieties","","Gerard Laumon, Universite de Paris XI","1","","1","Cambridge University Press","https://doi.org/10.1017/CBO9780511666162","03-05-2010","9780511666162","9780521172745","09-12-2010","9780521470605","14-12-1995","Cambridge Studies in Advanced Mathematics","Number theory","","https://www.cambridge.org/core/books/cohomology-of-drinfeld-modular-varieties/1166B891A81A3E757AEF9AABC4FDC5F1"
"Commutative Ring Theory","","H. Matsumura; Miles Reid","1","","","Cambridge University Press","https://doi.org/10.1017/CBO9781139171762","05-06-2012","9781139171762","9780521367646","25-05-1989","","","Cambridge Studies in Advanced Mathematics","Algebra","","https://www.cambridge.org/core/books/commutative-ring-theory/02819830750568B06C16E6199F3562C1"
"Completely Bounded Maps and Operator Algebras","","Vern Paulsen, University of Houston","1","","","Cambridge University Press","https://doi.org/10.1017/CBO9780511546631","24-11-2009","9780511546631","","","9780521816694","06-02-2003","Cambridge Studies in Advanced Mathematics","Abstract analysis","","https://www.cambridge.org/core/books/completely-bounded-maps-and-operator-algebras/47AF05B5F924ADE4FA30770B10050B76"
"Complex Analysis","","Kunihiko Kodaira","1","","","Cambridge University Press","https://doi.org/10.1017/CBO9780511804045","05-06-2012","9780511804045","","","9780521809375","23-08-2007","Cambridge Studies in Advanced Mathematics","Real and complex analysis","","https://www.cambridge.org/core/books/complex-analysis/A9AA21145C208775C188ED0AB8FE60A8"
"Complex Polynomials","","T. Sheil-Small, University of York","1","","","Cambridge University Press","https://doi.org/10.1017/CBO9780511543074","13-08-2009","9780511543074","9780521102766","12-03-2009","9780521400688","07-11-2002","Cambridge Studies in Advanced Mathematics","Real and complex analysis","Abstract analysis","https://www.cambridge.org/core/books/complex-polynomials/66C9D6BF3190DA5B7C11D727E656B249"
"Complex Topological K-Theory","","Efton Park, Texas Christian University","1","","","Cambridge University Press","https://doi.org/10.1017/CBO9780511611476","31-10-2009","9780511611476","","","9780521856348","13-03-2008","Cambridge Studies in Advanced Mathematics","Topology and geometry","","https://www.cambridge.org/core/books/complex-topological-ktheory/1C248AFD0F3AE9B0BE218F37D34D470F"
"A Course in Finite Group Representation Theory","","Peter Webb, University of Minnesota","1","","","Cambridge University Press","https://doi.org/10.1017/CBO9781316677216","05-08-2016","9781316677216","","","9781107162396","01-09-2016","Cambridge Studies in Advanced Mathematics","Algebra","","https://www.cambridge.org/core/books/course-in-finite-group-representation-theory/00BB9DDC14344C3BC3463D6CEB87986E"
"Cox Rings","","Ivan Arzhantsev, Moscow State University; Ulrich Derenthal, Leibniz Universitat Hannover; Jurgen Hausen, Eberhard-Karls-Universitat Tubingen, Germany; Antonio Laface, Universidad de Concepcion, Chile","1","","","Cambridge University Press","https://doi.org/10.1017/CBO9781139175852","05-10-2014","9781139175852","","","9781107024625","16-10-2014","Cambridge Studies in Advanced Mathematics","Topology and geometry","Algebra","https://www.cambridge.org/core/books/cox-rings/E8D43404194A7BDF4597AE5EA4160C0F"
"Differential Topology","","C. T. C. Wall, University of Liverpool","1","","","Cambridge University Press","https://doi.org/10.1017/CBO9781316597835","05-07-2016","9781316597835","","","9781107153523","14-07-2016","Cambridge Studies in Advanced Mathematics","Topology and geometry","","https://www.cambridge.org/core/books/differential-topology/A05E56581463E53EEF632B1336C5FC5C"
"Discrete Harmonic Analysis","Representations, Number Theory, Expanders, and the Fourier Transform","Tullio Ceccherini-Silberstein, Universita degli Studi del Sannio, Italy; Fabio Scarabotti, Universita degli Studi di Roma 'La Sapienza', Italy; Filippo Tolli","1","","","Cambridge University Press","","30-04-2018","9781316856383","","","9781107182332","31-07-2018","Cambridge Studies in Advanced Mathematics","Algebra","Discrete mathematics, information theory and coding theory","https://www.cambridge.org/core/books/discrete-harmonic-analysis/8B432BD3CC6E5E8B9E43A293E7D9E4F4"
"Eisenstein Series and Automorphic Representations","With Applications in String Theory","Philipp Fleig; Henrik P. A. Gustafsson, Stanford University, California; Axel Kleinschmidt, Max-Planck-Institut fur Gravitationsphysik, Germany; Daniel Persson, Chalmers University of Technology, Gothenberg","1","","","Cambridge University Press","","30-04-2018","9781316995860","","","9781107189928","31-07-2018","Cambridge Studies in Advanced Mathematics","Number theory","Theoretical physics and mathematical physics","https://www.cambridge.org/core/books/eisenstein-series-and-automorphic-representations/A815C7DFFF757DE89269DE0C36B6FBB8"
"Enumerative Combinatorics","","Richard P. Stanley, Massachusetts Institute of Technology","2","1","","Cambridge University Press","https://doi.org/10.1017/CBO9781139058520","05-06-2012","9781139058520","9781107602625","23-02-2012","9781107015425","23-02-2012","Cambridge Studies in Advanced Mathematics","Discrete mathematics, information theory and coding theory","Algorithmics, complexity, computer algebra and computational geometry","https://www.cambridge.org/core/books/enumerative-combinatorics/3155CDE1D973D49F873BDE2EAF8D7651"
"Enumerative Combinatorics","","Richard P. Stanley, Massachusetts Institute of Technology; Gian-Carlo Rota","1","1","","Cambridge University Press","https://doi.org/10.1017/CBO9780511805967","05-06-2012","9780511805967","","","","","Cambridge Studies in Advanced Mathematics","Discrete mathematics, information theory and coding theory","Algebra","https://www.cambridge.org/core/books/enumerative-combinatorics/D4B3B5AAB2FFE4226B9A631888057826"
"Enumerative Combinatorics","","Richard P. Stanley, Massachusetts Institute of Technology; Sergey Fomin","1","2","","Cambridge University Press","https://doi.org/10.1017/CBO9780511609589","18-01-2010","9780511609589","9780521789875","09-08-2001","9780521560696","01-04-1999","Cambridge Studies in Advanced Mathematics","Discrete mathematics, information theory and coding theory","Algebra","https://www.cambridge.org/core/books/enumerative-combinatorics/D8DDDFF7E8EBF0BCFE99F5E6918CE2A8"
"Erdõs-Ko-Rado Theorems: Algebraic Approaches","","Christopher Godsil, University of Waterloo, Ontario; Karen Meagher, University of Regina, Saskatchewan, Canada","1","","","Cambridge University Press","https://doi.org/10.1017/CBO9781316414958","05-12-2015","9781316414958","","","9781107128446","26-11-2015","Cambridge Studies in Advanced Mathematics","Discrete mathematics, information theory and coding theory","Algebra","https://www.cambridge.org/core/books/erdoskorado-theorems-algebraic-approaches/D5D0760304EDB795122C9707CA25D03C"
"Ergodic Theory","","Karl E. Petersen, University of North Carolina, Chapel Hill","1","","","Cambridge University Press","https://doi.org/10.1017/CBO9780511608728","05-06-2012","9780511608728","9780521389976","23-11-1989","","","Cambridge Studies in Advanced Mathematics","Abstract analysis","Differential and integral equations, dynamical systems and control","https://www.cambridge.org/core/books/ergodic-theory/4F50E2830B2812125F24D4A2CE7318D0"
"Explicit Brauer Induction","With Applications to Algebra and Number Theory","Victor P. Snaith, McMaster University, Ontario","1","","","Cambridge University Press","https://doi.org/10.1017/CBO9780511600746","12-01-2010","9780511600746","9780521172738","17-02-2011","9780521460156","27-10-1994","Cambridge Studies in Advanced Mathematics","Algebra","Topology and geometry","https://www.cambridge.org/core/books/explicit-brauer-induction/DB18B359E3E14443F6204D2F36192116"
"Finite Group Theory","","M. Aschbacher, California Institute of Technology","2","","","Cambridge University Press","https://doi.org/10.1017/CBO9781139175319","05-06-2012","9781139175319","9780521786751","28-09-2000","9780521781459","28-09-2000","Cambridge Studies in Advanced Mathematics","Algebra","","https://www.cambridge.org/core/books/finite-group-theory/EB5CE66C17982A6B48855F2EDC2DA6F9"
"Formal Geometry and Bordism Operations","","Eric Peterson","1","","","Cambridge University Press","","30-04-2018","9781108552165","","","","","Cambridge Studies in Advanced Mathematics","Topology and geometry","Logic, categories and sets","https://www.cambridge.org/core/books/formal-geometry-and-bordism-operations/90299C5BDE861B9FB2A590C83D9F2D47"
"Foundations of Ergodic Theory","","Marcelo Viana, Instituto Nacional de Matemática Pura e Aplicada (IMPA), Rio de Janeiro; Krerley Oliveira, Universidade Federal de Alagoas, Brazil","1","","","Cambridge University Press","https://doi.org/10.1017/CBO9781316422601","05-02-2016","9781316422601","","","9781107126961","25-02-2016","Cambridge Studies in Advanced Mathematics","Abstract analysis","Differential and integral equations, dynamical systems and control","https://www.cambridge.org/core/books/foundations-of-ergodic-theory/F5AE11B50B16D9FF32909EA4BBA1E7CE"
"Fourier Analysis and Hausdorff Dimension","","Pertti Mattila, University of Helsinki","1","","","Cambridge University Press","https://doi.org/10.1017/CBO9781316227619","05-09-2015","9781316227619","","","9781107107359","23-07-2015","Cambridge Studies in Advanced Mathematics","Abstract analysis","Real and complex analysis","https://www.cambridge.org/core/books/fourier-analysis-and-hausdorff-dimension/78A25BED2C6E4F9B911971305DC928B0"
"Fourier Analysis and Partial Differential Equations","","Rafael Jose Iorio, Jr, IMPA, Rio de Janeiro; Valeria de Magalh?es Iorio","1","","","Cambridge University Press","https://doi.org/10.1017/CBO9780511623745","05-07-2014","9780511623745","9780521629096","19-07-2012","9780521621168","15-03-2001","Cambridge Studies in Advanced Mathematics","Abstract analysis","Differential and integral equations, dynamical systems and control","https://www.cambridge.org/core/books/fourier-analysis-and-partial-differential-equations/39312A08B4D4F25F65F39581D229285B"
"Fractals in Probability and Analysis","","Christopher J. Bishop, Stony Brook University, State University of New York; Yuval Peres","1","","","Cambridge University Press","https://doi.org/10.1017/9781316460238","19-01-2017","9781316460238","","","9781107134119","22-12-2016","Cambridge Studies in Advanced Mathematics","Probability theory and stochastic processes","Real and complex analysis","https://www.cambridge.org/core/books/fractals-in-probability-and-analysis/D8CBD4181FDC20C387E22939DA2F6168"
"Galois Groups and Fundamental Groups","","Tamás Szamuely, Hungarian Academy of Sciences, Budapest","1","","","Cambridge University Press","https://doi.org/10.1017/CBO9780511627064","05-08-2012","9780511627064","","","9780521888509","16-07-2009","Cambridge Studies in Advanced Mathematics","Algebra","Number theory","https://www.cambridge.org/core/books/galois-groups-and-fundamental-groups/2511B1C10ACF174A0F444A045D9C1F89"
"Galois Representations and (Phi, Gamma)-Modules","","Peter Schneider, Westfalische Wilhelms-Universitat Munster, Germany","1","","","Cambridge University Press","https://doi.org/10.1017/9781316981252","04-05-2017","9781316981252","","","9781107188587","20-04-2017","Cambridge Studies in Advanced Mathematics","Number theory","Algebra","https://www.cambridge.org/core/books/galois-representations-and-phi-gammamodules/28A4BD2B8EB027BBF21FEEC375BCEE0B"
"Galois Theories","","Francis Borceux, Universite Catholique de Louvain, Belgium; George Janelidze","1","","","Cambridge University Press","https://doi.org/10.1017/CBO9780511619939","11-01-2010","9780511619939","9780521070416","31-07-2008","9780521803090","22-02-2001","Cambridge Studies in Advanced Mathematics","Logic, categories and sets","Algebra","https://www.cambridge.org/core/books/galois-theories/8D017BD1A8DFB0F0EBD01DCDAA134FEE"
"Gaussian Processes on Trees","From Spin Glasses to Branching Brownian Motion","Anton Bovier, Rheinische Friedrich-Wilhelms-Universitat Bonn","1","","","Cambridge University Press","https://doi.org/10.1017/9781316675779","17-11-2016","9781316675779","","","9781107160491","17-11-2016","Cambridge Studies in Advanced Mathematics","Probability theory and stochastic processes","Mathematical physics","https://www.cambridge.org/core/books/gaussian-processes-on-trees/0CAE50CA3DA201B5737C8FBA0C60A406"
"Geometric Analysis","","Peter Li, University of California, Irvine","1","","","Cambridge University Press","https://doi.org/10.1017/CBO9781139105798","05-06-2012","9781139105798","","","9781107020641","03-05-2012","Cambridge Studies in Advanced Mathematics","Topology and geometry","Differential and integral equations, dynamical systems and control","https://www.cambridge.org/core/books/geometric-analysis/D0A2375D56122B91A0BA370530978248"
"Geometric Control Theory","","Velimir Jurdjevic, University of Toronto","1","","","Cambridge University Press","https://doi.org/10.1017/CBO9780511530036","07-10-2009","9780511530036","9780521058247","15-05-2008","9780521495028","27-03-1997","Cambridge Studies in Advanced Mathematics","Differential and integral equations, dynamical systems and control","Abstract analysis","https://www.cambridge.org/core/books/geometric-control-theory/1A9B7398F632D1A153E6F6B7AA18EE14"
"Geometry and Complexity Theory","","J. M. Landsberg, Texas A &amp; M University","1","","","Cambridge University Press","https://doi.org/10.1017/9781108183192","03-10-2017","9781108183192","","","9781107199231","28-09-2017","Cambridge Studies in Advanced Mathematics","Algorithmics, complexity, computer algebra and computational geometry","Topology and geometry","https://www.cambridge.org/core/books/geometry-and-complexity-theory/15E3ABA3FF14E1054574663F60250D80"
"Geometry of Sets and Measures in Euclidean Spaces","Fractals and Rectifiability","Pertti Mattila, University of Jyvaskyla, Finland","1","","","Cambridge University Press","https://doi.org/10.1017/CBO9780511623813","05-08-2012","9780511623813","9780521655958","25-02-1999","","","Cambridge Studies in Advanced Mathematics","Abstract analysis","","https://www.cambridge.org/core/books/geometry-of-sets-and-measures-in-euclidean-spaces/3E3DDE579ABAEEC863B8964D68DCC72F"
"Global Methods for Combinatorial Isoperimetric Problems","","L. H. Harper, University of California, Riverside","1","","","Cambridge University Press","https://doi.org/10.1017/CBO9780511616679","18-02-2010","9780511616679","9780521183833","16-12-2010","9780521832687","25-03-2004","Cambridge Studies in Advanced Mathematics","Discrete mathematics, information theory and coding theory","Optimization, OR and risk","https://www.cambridge.org/core/books/global-methods-for-combinatorial-isoperimetric-problems/FA0D2E588330EBC2ACD614C4892D9922"
"Groups as Galois Groups","An Introduction","Helmut Volklein","1","","","Cambridge University Press","https://doi.org/10.1017/CBO9780511471117","22-09-2009","9780511471117","9780521065030","12-06-2008","9780521562805","17-10-1996","Cambridge Studies in Advanced Mathematics","Algebra","Number theory","https://www.cambridge.org/core/books/groups-as-galois-groups/A2233CBEE2CD250DDE2B867502C0A4DE"
"Harmonic Analysis on Finite Groups","Representation Theory, Gelfand Pairs and Markov Chains","Tullio Ceccherini-Silberstein; Fabio Scarabotti, Universita degli Studi di Roma 'La Sapienza', Italy; Filippo Tolli, Universita degli Studi Roma Tre","1","","","Cambridge University Press","https://doi.org/10.1017/CBO9780511619823","28-12-2009","9780511619823","","","9780521883368","06-03-2008","Cambridge Studies in Advanced Mathematics","Abstract analysis","Algebra","https://www.cambridge.org/core/books/harmonic-analysis-on-finite-groups/093299951BEB7852105CCFFCA7DA5CD9"
"Hodge Theory and Complex Algebraic Geometry I","","Claire Voisin, Centre de Mathematiques de Jussieu, Paris; Leila Schneps","1","1","","Cambridge University Press","https://doi.org/10.1017/CBO9780511615344","21-01-2010","9780511615344","9780521718011","20-12-2007","9780521802604","05-12-2002","Cambridge Studies in Advanced Mathematics","Topology and geometry","Algebra","https://www.cambridge.org/core/books/hodge-theory-and-complex-algebraic-geometry-i/A6E52939BA107FFCB5A901D5B5D88025"
"Hodge Theory and Complex Algebraic Geometry II","","Claire Voisin, Universite de Paris VI (Pierre et Marie Curie); Leila Schneps","1","2","","Cambridge University Press","https://doi.org/10.1017/CBO9780511615177","21-12-2009","9780511615177","9780521718028","20-12-2007","9780521802833","03-07-2003","Cambridge Studies in Advanced Mathematics","Topology and geometry","","https://www.cambridge.org/core/books/hodge-theory-and-complex-algebraic-geometry-ii/47F0D9D694725A426F9CAFDFA830DB11"
"Introduction to Banach Spaces: Analysis and Probability","","Daniel Li; Herve Queffelec, Universite de Lille I; Daniele Gibbons; Greg Gibbons","1","2","","Cambridge University Press","https://doi.org/10.1017/9781316677391","26-10-2017","9781316677391","","","9781107162624","21-12-2017","Cambridge Studies in Advanced Mathematics","Abstract analysis","Probability theory and stochastic processes","https://www.cambridge.org/core/books/introduction-to-banach-spaces-analysis-and-probability/46D48269F969BBA0AF2DEB7782A96DAE"
"Introduction to Banach Spaces: Analysis and Probability","","Daniel Li; Herve Queffelec, Universite de Lille I; Daniele Gibbons; Greg Gibbons","1","1","","Cambridge University Press","https://doi.org/10.1017/CBO9781316675762","26-10-2017","9781316675762","","","9781107160514","21-12-2017","Cambridge Studies in Advanced Mathematics","Abstract analysis","Probability theory and stochastic processes","https://www.cambridge.org/core/books/introduction-to-banach-spaces-analysis-and-probability/90C0F7A1C24D8C66AA55D2618BEA1E1A"
"Introduction to Foliations and Lie Groupoids","","I. Moerdijk, Universiteit Utrecht, The Netherlands; J. Mrcun, University of Ljubljana","1","","","Cambridge University Press","https://doi.org/10.1017/CBO9780511615450","02-02-2010","9780511615450","","","9780521831970","18-09-2003","Cambridge Studies in Advanced Mathematics","Topology and geometry","Algebra","https://www.cambridge.org/core/books/introduction-to-foliations-and-lie-groupoids/75BBFED277FF39A56594731202789016"
"Introduction to Model Spaces and their Operators","","Stephan Ramon Garcia, Pomona College, California; Javad Mashreghi, Universite Laval, Quebec; William T. Ross, University of Richmond, Virginia","1","","","Cambridge University Press","https://doi.org/10.1017/CBO9781316258231","05-05-2016","9781316258231","","","9781107108745","26-05-2016","Cambridge Studies in Advanced Mathematics","Abstract analysis","","https://www.cambridge.org/core/books/introduction-to-model-spaces-and-their-operators/A890E26AEB14B13177760F6C76B44E42"
"Introductory Lectures on Siegel Modular Forms","","Helmut Klingen, Albert-Ludwigs-Universitat Freiburg, Germany","1","","","Cambridge University Press","https://doi.org/10.1017/CBO9780511619878","01-12-2009","9780511619878","9780521062091","15-05-2008","9780521350525","01-03-1990","Cambridge Studies in Advanced Mathematics","Algebra","Number theory","https://www.cambridge.org/core/books/introductory-lectures-on-siegel-modular-forms/B20895BD1982A4D4BDD63BBC1D7C16C8"
"Lectures in Logic and Set Theory","","George Tourlakis, York University, Toronto","1","2","","Cambridge University Press","https://doi.org/10.1017/CBO9780511615566","12-01-2010","9780511615566","9780521168489","22-09-2011","9780521753746","13-02-2003","Cambridge Studies in Advanced Mathematics","Logic, categories and sets","Algorithmics, complexity, computer algebra and computational geometry","https://www.cambridge.org/core/books/lectures-in-logic-and-set-theory/BCD43B2B5F313A2BACC7EE044055EDFE"
"Lectures in Logic and Set Theory","","George Tourlakis, York University, Toronto","1","1","","Cambridge University Press","https://doi.org/10.1017/CBO9780511615559","16-01-2010","9780511615559","9780521168465","09-09-2010","9780521753739","09-01-2003","Cambridge Studies in Advanced Mathematics","Logic, categories and sets","Algorithmics, complexity, computer algebra and computational geometry","https://www.cambridge.org/core/books/lectures-in-logic-and-set-theory/C08ABDE5D2BE679676618B0093E47BA1"
"Lectures on Arakelov Geometry","","C. Soule, Centre National de la Recherche Scientifique (CNRS), Paris; D. Abramovich, Princeton University, New Jersey; J. F. Burnol, Max-Planck-Institut fur Mathematik in den Naturwissenschaften, Leipzig; J. K. Kramer","1","","","Cambridge University Press","https://doi.org/10.1017/CBO9780511623950","14-01-2010","9780511623950","9780521477093","15-09-1994","","","Cambridge Studies in Advanced Mathematics","Topology and geometry","Number theory","https://www.cambridge.org/core/books/lectures-on-arakelov-geometry/32606AB12804B192D2C2D245D491F4DE"
"Lectures on K3 Surfaces","","Daniel Huybrechts","1","","","Cambridge University Press","https://doi.org/10.1017/CBO9781316594193","13-10-2016","9781316594193","","","9781107153042","06-10-2016","Cambridge Studies in Advanced Mathematics","Topology and geometry","Mathematical physics","https://www.cambridge.org/core/books/lectures-on-k3-surfaces/BD0A22FFFAF3681F91257C7BFD048C65"
"Lectures on Lyapunov Exponents","","Marcelo Viana, IMPA, Rio de Janeiro","1","","","Cambridge University Press","https://doi.org/10.1017/CBO9781139976602","05-07-2014","9781139976602","","","9781107081734","24-07-2014","Cambridge Studies in Advanced Mathematics","Differential and integral equations, dynamical systems and control","Abstract analysis","https://www.cambridge.org/core/books/lectures-on-lyapunov-exponents/42E4EAB1756EA3248148F48E2CD89813"
"Levy Processes and Stochastic Calculus","","David Applebaum, Nottingham Trent University","1","","","Cambridge University Press","https://doi.org/10.1017/CBO9780511755323","06-07-2010","9780511755323","","","","","Cambridge Studies in Advanced Mathematics","Probability theory and stochastic processes","Mathematical finance","https://www.cambridge.org/core/books/levy-processes-and-stochastic-calculus/59B105C1B5B54D562AA096D7AE24F4D5"
"Levy Processes and Stochastic Calculus","","David Applebaum, University of Sheffield","2","","","Cambridge University Press","https://doi.org/10.1017/CBO9780511809781","25-01-2011","9780511809781","9780521738651","30-04-2009","","","Cambridge Studies in Advanced Mathematics","Probability theory and stochastic processes","Mathematical finance","https://www.cambridge.org/core/books/levy-processes-and-stochastic-calculus/4AC698D37D3D8E57D099B73ADF4ACB11"
"Lie Algebras of Finite and Affine Type","","Roger Carter, University of Warwick","1","","","Cambridge University Press","https://doi.org/10.1017/CBO9780511614910","25-01-2010","9780511614910","","","9780521851381","27-10-2005","Cambridge Studies in Advanced Mathematics","Algebra","","https://www.cambridge.org/core/books/lie-algebras-of-finite-and-affine-type/4E6820728C16DC1F812860C974FBB4F6"
"Linear Algebraic Groups and Finite Groups of Lie Type","","Gunter Malle, Technische Universitat Kaiserslautern, Germany; Donna Testerman, ecole Polytechnique Federale de Lausanne","1","","","Cambridge University Press","https://doi.org/10.1017/CBO9780511994777","05-06-2012","9780511994777","","","9781107008540","08-09-2011","Cambridge Studies in Advanced Mathematics","Algebra","","https://www.cambridge.org/core/books/linear-algebraic-groups-and-finite-groups-of-lie-type/DF7451BDFAB4ED163BB88268EF7490BD"
"Linear Operators and their Spectra","","E. Brian Davies, King's College London","1","","","Cambridge University Press","https://doi.org/10.1017/CBO9780511618864","08-01-2010","9780511618864","","","9780521866293","26-04-2007","Cambridge Studies in Advanced Mathematics","Abstract analysis","","https://www.cambridge.org/core/books/linear-operators-and-their-spectra/6DDA33D1D7032F9EBB41194F33C18A69"
"Local Cohomology","An Algebraic Introduction with Geometric Applications","M. P. Brodmann, Universitat Zurich; R. Y. Sharp, University of Sheffield","2","","","Cambridge University Press","https://doi.org/10.1017/CBO9781139044059","05-12-2012","9781139044059","","","9780521513630","15-11-2012","Cambridge Studies in Advanced Mathematics","Algebra","","https://www.cambridge.org/core/books/local-cohomology/58A833CCD2D0F834644781AFB1351657"
"Local Cohomology","An Algebraic Introduction with Geometric Applications","M. P. Brodmann, Universitat Zurich; R. Y. Sharp, University of Sheffield","1","","","Cambridge University Press","https://doi.org/10.1017/CBO9780511629204","04-05-2010","9780511629204","","","","","Cambridge Studies in Advanced Mathematics","Algebra","Topology and geometry","https://www.cambridge.org/core/books/local-cohomology/38D0015D6B6908D9CB9792A6276B9E60"
"Local Representation Theory","Modular Representations as an Introduction to the Local Representation Theory of Finite Groups","J. L. Alperin, University of Chicago","1","","","Cambridge University Press","https://doi.org/10.1017/CBO9780511623592","12-01-2010","9780511623592","9780521449267","28-10-1993","","","Cambridge Studies in Advanced Mathematics","Algebra","","https://www.cambridge.org/core/books/local-representation-theory/A57DAE273A83DB4B43162D3FE9724497"
"Locally Convex Spaces over Non-Archimedean Valued Fields","","C. Perez-Garcia, Universidad de Cantabria, Spain; W. H. Schikhof, Radboud Universiteit Nijmegen","1","","","Cambridge University Press","https://doi.org/10.1017/CBO9780511729959","06-07-2010","9780511729959","","","9780521192439","07-01-2010","Cambridge Studies in Advanced Mathematics","Abstract analysis","","https://www.cambridge.org/core/books/locally-convex-spaces-over-nonarchimedean-valued-fields/9778489A1798DE9E79A2E74F99B35859"
"The Logarithmic Integral","","Paul Koosis, McGill University, Montreal","1","2","","Cambridge University Press","https://doi.org/10.1017/CBO9780511566202","07-01-2010","9780511566202","9780521102544","12-03-2009","9780521309073","20-08-1992","Cambridge Studies in Advanced Mathematics","Abstract analysis","","https://www.cambridge.org/core/books/logarithmic-integral/D6129B14C4D85BCBE795114F27ABE274"
"The Logarithmic Integral","","Paul Koosis, McGill University, Montreal","1","1","","Cambridge University Press","https://doi.org/10.1017/CBO9780511566196","08-01-2010","9780511566196","9780521596725","29-10-1998","","","Cambridge Studies in Advanced Mathematics","Abstract analysis","","https://www.cambridge.org/core/books/logarithmic-integral/215EB59CBF4A5BE30BC074BDE68679AA"
"Markov Processes, Gaussian Processes, and Local Times","","Michael B. Marcus, City University of New York; Jay Rosen, City University of New York","1","","","Cambridge University Press","https://doi.org/10.1017/CBO9780511617997","24-02-2010","9780511617997","9781107403758","27-10-2011","9780521863001","19-10-2006","Cambridge Studies in Advanced Mathematics","Probability theory and stochastic processes","Abstract analysis","https://www.cambridge.org/core/books/markov-processes-gaussian-processes-and-local-times/CB2E6530BFDBEB810A0D7E5288BBD48B"
"Martingales in Banach Spaces","","Gilles Pisier, Texas A &amp; M University","1","","","Cambridge University Press","https://doi.org/10.1017/CBO9781316480588","05-06-2016","9781316480588","","","9781107137240","09-06-2016","Cambridge Studies in Advanced Mathematics","Abstract analysis","","https://www.cambridge.org/core/books/martingales-in-banach-spaces/A72C7511C60257C8ECC4A4ECADF91E9C"
"Mathematical Aspects of Quantum Field Theory","","Edson de Faria, Universidade de S?o Paulo; Welington de Melo, IMPA, Rio de Janeiro","1","","","Cambridge University Press","https://doi.org/10.1017/CBO9780511760532","05-03-2013","9780511760532","","","9780521115773","12-08-2010","Cambridge Studies in Advanced Mathematics","Mathematical physics","Theoretical physics and mathematical physics","https://www.cambridge.org/core/books/mathematical-aspects-of-quantum-field-theory/5D81B203FF41825AA64CE02CBE2AA757"
"Mathematical Tools for One-Dimensional Dynamics","","Edson de Faria, Universidade de S?o Paulo; Welington de Melo, IMPA, Rio de Janeiro","1","","","Cambridge University Press","https://doi.org/10.1017/CBO9780511755231","06-07-2010","9780511755231","","","9780521888615","02-10-2008","Cambridge Studies in Advanced Mathematics","Differential and integral equations, dynamical systems and control","Real and complex analysis","https://www.cambridge.org/core/books/mathematical-tools-for-onedimensional-dynamics/C580F324B902D818AFD2E78FAFF10265"
"Models and Games","","Jouko Vaananen","1","","","Cambridge University Press","https://doi.org/10.1017/CBO9780511974885","01-06-2011","9780511974885","","","9780521518123","05-05-2011","Cambridge Studies in Advanced Mathematics","Logic, categories and sets","Discrete mathematics, information theory and coding theory","https://www.cambridge.org/core/books/models-and-games/E5172AD77B07EC7DEAC41A0714EC5ABF"
"Modern Analysis of Automorphic Forms By Example","","Paul Garrett, University of Minnesota","1","2","","Cambridge University Press","","30-04-2018","9781108571814","","","9781108473842","31-12-2018","Cambridge Studies in Advanced Mathematics","Number theory","","https://www.cambridge.org/core/books/modern-analysis-of-automorphic-forms-by-example/8A2076ECFD1A8A4BA4E68768990EEF54"
"Modern Analysis of Automorphic Forms By Example","","Paul Garrett, University of Minnesota","1","1","","Cambridge University Press","","30-04-2018","9781316650332","","","9781107154001","30-09-2018","Cambridge Studies in Advanced Mathematics","Number theory","","https://www.cambridge.org/core/books/modern-analysis-of-automorphic-forms-by-example/AE39DC739A81E3ECFB9D0780178EC536"
"Modular Forms and Galois Cohomology","","Haruzo Hida, University of California, Los Angeles","1","","","Cambridge University Press","https://doi.org/10.1017/CBO9780511526046","18-12-2009","9780511526046","9780521072083","14-08-2008","9780521770361","29-06-2000","Cambridge Studies in Advanced Mathematics","Number theory","","https://www.cambridge.org/core/books/modular-forms-and-galois-cohomology/23644091EA36ED9B16097438E1A15C69"
"Multidimensional Real Analysis I","Differentiation","J. J. Duistermaat, Universiteit Utrecht, The Netherlands; J. A. C. Kolk, Universiteit Utrecht, The Netherlands; J. P. van Braam Houckgeest","1","","","Cambridge University Press","https://doi.org/10.1017/CBO9780511616716","11-01-2010","9780511616716","","","9780521551144","06-05-2004","Cambridge Studies in Advanced Mathematics","Real and complex analysis","","https://www.cambridge.org/core/books/multidimensional-real-analysis-i/3571CF78491A53C281FB72A07A55970F"
"Multidimensional Real Analysis II","Integration","J. J. Duistermaat, Universiteit Utrecht, The Netherlands; J. A. C. Kolk, Universiteit Utrecht, The Netherlands; J. P. van Braam Houckgeest","1","","","Cambridge University Press","https://doi.org/10.1017/CBO9780511616723","21-12-2009","9780511616723","","","9780521829250","06-05-2004","Cambridge Studies in Advanced Mathematics","Real and complex analysis","","https://www.cambridge.org/core/books/multidimensional-real-analysis-ii/40569A7E17929121FB43EA362BAB3C4A"
"Multidimensional Stochastic Processes as Rough Paths","Theory and Applications","Peter K. Friz, University of Cambridge; Nicolas B. Victoir","1","","","Cambridge University Press","https://doi.org/10.1017/CBO9780511845079","05-06-2012","9780511845079","","","9780521876070","04-02-2010","Cambridge Studies in Advanced Mathematics","Probability theory and stochastic processes","Differential and integral equations, dynamical systems and control","https://www.cambridge.org/core/books/multidimensional-stochastic-processes-as-rough-paths/DD9063039477D9A21F571861A5BB5D53"
"Multiplicative Number Theory I","Classical Theory","Hugh L. Montgomery, University of Michigan, Ann Arbor; Robert C. Vaughan, Pennsylvania State University","1","","","Cambridge University Press","https://doi.org/10.1017/CBO9780511618314","26-02-2010","9780511618314","9781107405820","26-07-2012","9780521849036","16-11-2006","Cambridge Studies in Advanced Mathematics","Number theory","","https://www.cambridge.org/core/books/multiplicative-number-theory-i/4E45519B26115AEEA4839C6C38206ACD"
"Nonlinear Analysis and Semilinear Elliptic Problems","","Antonio Ambrosetti; Andrea Malchiodi","1","","","Cambridge University Press","https://doi.org/10.1017/CBO9780511618260","19-05-2010","9780511618260","","","9780521863209","04-01-2007","Cambridge Studies in Advanced Mathematics","Differential and integral equations, dynamical systems and control","Mathematical modelling and methods","https://www.cambridge.org/core/books/nonlinear-analysis-and-semilinear-elliptic-problems/BA9EDE864C141CBF9460DC9C6664127E"
"Optimal Control and Geometry: Integrable Systems","","Velimir Jurdjevic, University of Toronto","1","","","Cambridge University Press","https://doi.org/10.1017/CBO9781316286852","05-05-2016","9781316286852","","","9781107113886","14-07-2016","Cambridge Studies in Advanced Mathematics","Differential and integral equations, dynamical systems and control","","https://www.cambridge.org/core/books/optimal-control-and-geometry-integrable-systems/CC31021688A0E5B6196C3BD911EF021F"
"p-adic Differential Equations","","Kiran S. Kedlaya, Massachusetts Institute of Technology","1","","","Cambridge University Press","","05-08-2012","9780511750922","","","9780521768795","10-06-2010","Cambridge Studies in Advanced Mathematics","Number theory","","https://www.cambridge.org/core/books/padic-differential-equations/FDB6B3CBADE58F2A6513EE127D5D894B"
"Partial Differential Equations for Probabilists","","Daniel W. Stroock, Massachusetts Institute of Technology","1","","","Cambridge University Press","https://doi.org/10.1017/CBO9780511755255","06-07-2010","9780511755255","9781107400528","02-08-2012","9780521886512","29-05-2008","Cambridge Studies in Advanced Mathematics","Probability theory and stochastic processes","","https://www.cambridge.org/core/books/partial-differential-equations-for-probabilists/30BB576097CF5ECF7914FDBCAF69E1F2"
"Period Mappings and Period Domains","","James Carlson, University of Utah; Stefan Muller-Stach, Johannes Gutenberg Universitat Mainz, Germany; Chris Peters","2","","","Cambridge University Press","https://doi.org/10.1017/9781316995846","30-08-2017","9781316995846","9781316639566","24-08-2017","9781108422628","24-08-2017","Cambridge Studies in Advanced Mathematics","Topology and geometry","Real and complex analysis","https://www.cambridge.org/core/books/period-mappings-and-period-domains/6D9B4C35EB9BC1B5772EEF8F9040CB86"
"Positive Harmonic Functions and Diffusion","","Ross G. Pinsky","1","","","Cambridge University Press","https://doi.org/10.1017/CBO9780511526244","02-12-2009","9780511526244","9780521059831","24-04-2008","9780521470148","12-01-1995","Cambridge Studies in Advanced Mathematics","Abstract analysis","Probability theory and stochastic processes","https://www.cambridge.org/core/books/positive-harmonic-functions-and-diffusion/3A10D27C2083EA31A449E9EE57B3F3FF"
"Quantum Fields and Processes","A Combinatorial Approach","John Gough, Aberystwyth University; Joachim Kupsch, Technische Universitat Kaiserslautern, Germany","1","","","Cambridge University Press","https://doi.org/10.1017/9781108241885","23-03-2018","9781108241885","","","9781108416764","12-04-2018","Cambridge Studies in Advanced Mathematics","Probability theory and stochastic processes","Discrete mathematics, information theory and coding theory","https://www.cambridge.org/core/books/quantum-fields-and-processes/BEA850C1E0F6B531761E7F0AFEF6F209"
"Quasiconformal Surgery in Holomorphic Dynamics","","Bodil Branner, Technical University of Denmark, Lyngby; Núria Fagella, Universitat de Barcelona","1","","","Cambridge University Press","https://doi.org/10.1017/CBO9781107337602","05-02-2014","9781107337602","","","9781107042919","23-01-2014","Cambridge Studies in Advanced Mathematics","Real and complex analysis","Differential and integral equations, dynamical systems and control","https://www.cambridge.org/core/books/quasiconformal-surgery-in-holomorphic-dynamics/389FFF55E696E1758A4506BD545BFA0E"
"Random Fragmentation and Coagulation Processes","","Jean Bertoin, Universite de Paris VI (Pierre et Marie Curie)","1","","","Cambridge University Press","https://doi.org/10.1017/CBO9780511617768","07-12-2009","9780511617768","","","9780521867283","10-08-2006","Cambridge Studies in Advanced Mathematics","Probability theory and stochastic processes","Mathematical modelling and methods","https://www.cambridge.org/core/books/random-fragmentation-and-coagulation-processes/13602421D7CA936470DAC6080CDF20F8"
"Random Graphs","","Bela Bollobás, Trinity College, Cambridge and University of Memphis","2","","","Cambridge University Press","https://doi.org/10.1017/CBO9780511814068","29-03-2011","9780511814068","9780521797221","30-08-2001","9780521809207","30-08-2001","Cambridge Studies in Advanced Mathematics","Discrete mathematics, information theory and coding theory","","https://www.cambridge.org/core/books/random-graphs/E21023008001CFA182CE666F5028489F"
"Random Walk: A Modern Introduction","","Gregory F. Lawler, University of Chicago; Vlada Limic, Universite de Provence","1","","","Cambridge University Press","https://doi.org/10.1017/CBO9780511750854","05-06-2012","9780511750854","","","9780521519182","24-06-2010","Cambridge Studies in Advanced Mathematics","Probability theory and stochastic processes","Mathematical modelling and methods","https://www.cambridge.org/core/books/random-walk-a-modern-introduction/7DA2A372B5FE450BB47C5DBD43D460D2"
"Rational and Nearly Rational Varieties","","János Kollár, Princeton University, New Jersey; Karen E. Smith, University of Michigan, Ann Arbor; Alessio Corti, University of Cambridge","1","","","Cambridge University Press","https://doi.org/10.1017/CBO9780511734991","25-05-2010","9780511734991","","","9780521832076","22-04-2004","Cambridge Studies in Advanced Mathematics","Topology and geometry","","https://www.cambridge.org/core/books/rational-and-nearly-rational-varieties/FBA6C7E69CB463875B05238D4FC9180F"
"Real Analysis and Probability","","R. M. Dudley, Massachusetts Institute of Technology","2","","","Cambridge University Press","https://doi.org/10.1017/CBO9780511755347","06-07-2010","9780511755347","9780521007542","17-10-2002","9780521809726","17-10-2002","Cambridge Studies in Advanced Mathematics","Probability theory and stochastic processes","Real and complex analysis","https://www.cambridge.org/core/books/real-analysis-and-probability/26DDF2D09E526185F2347AA5658B96F6"
"Reflection Groups and Coxeter Groups","","James E. Humphreys, University of Massachusetts, Amherst","1","","","Cambridge University Press","https://doi.org/10.1017/CBO9780511623646","05-06-2012","9780511623646","9780521436137","01-10-1992","","","Cambridge Studies in Advanced Mathematics","Algebra","Topology and geometry","https://www.cambridge.org/core/books/reflection-groups-and-coxeter-groups/2910C1E00877D33A04A512791B6EDD72"
"Representation Theory","A Combinatorial Viewpoint","Amritanshu Prasad","1","","","Cambridge University Press","https://doi.org/10.1017/CBO9781139976824","18-12-2014","9781139976824","","","9781107082052","05-02-2015","Cambridge Studies in Advanced Mathematics","Algebra","Discrete mathematics, information theory and coding theory","https://www.cambridge.org/core/books/representation-theory/6ED4685D532DDE90E37B6F08AB7925F9"
"Representation Theory of Artin Algebras","","Maurice Auslander, Brandeis University, Massachusetts; Idun Reiten, Kunstakademiet i Trondheim, Norway; Sverre O. Smalo, Kunstakademiet i Trondheim, Norway","1","","","Cambridge University Press","https://doi.org/10.1017/CBO9780511623608","11-05-2010","9780511623608","9780521599238","21-08-1997","","","Cambridge Studies in Advanced Mathematics","Algebra","","https://www.cambridge.org/core/books/representation-theory-of-artin-algebras/B7452F28EDADF450BF1059A6FB6D68A4"
"Representation Theory of the Symmetric Groups","The Okounkov-Vershik Approach, Character Formulas, and Partition Algebras","Tullio Ceccherini-Silberstein; Fabio Scarabotti, Universita degli Studi di Roma 'La Sapienza', Italy; Filippo Tolli, Universita degli Studi Roma Tre, Italy","1","","","Cambridge University Press","https://doi.org/10.1017/CBO9781139192361","05-03-2013","9781139192361","","","9780521118170","04-02-2010","Cambridge Studies in Advanced Mathematics","Algebra","","https://www.cambridge.org/core/books/representation-theory-of-the-symmetric-groups/5210396B7CF3C4C958DEE321EB659215"
"Representations and Cohomology","","D. J. Benson, University of Georgia","1","1","","Cambridge University Press","https://doi.org/10.1017/CBO9780511623615","26-01-2010","9780511623615","9780521636537","18-06-1998","9780521361347","21-03-1991","Cambridge Studies in Advanced Mathematics","Algebra","Number theory","https://www.cambridge.org/core/books/representations-and-cohomology/9EE67E1280D8DB01AAC662530799AA8E"
"Representations and Cohomology","","D. J. Benson, University of Georgia","1","2","","Cambridge University Press","https://doi.org/10.1017/CBO9780511623622","03-02-2010","9780511623622","9780521636520","18-06-1998","","","Cambridge Studies in Advanced Mathematics","Algebra","Number theory","https://www.cambridge.org/core/books/representations-and-cohomology/2AC807F212FE24AE71E6ADC70949E81A"
"Representations of Groups","A Computational Approach","Klaus Lux, University of Arizona; Herbert Pahlings","1","","","Cambridge University Press","https://doi.org/10.1017/CBO9780511750915","05-06-2012","9780511750915","","","9780521768078","01-07-2010","Cambridge Studies in Advanced Mathematics","Algebra","","https://www.cambridge.org/core/books/representations-of-groups/9EF74E145F6DE62ACD6047953B09CCBB"
"Representations of the Infinite Symmetric Group","","Alexei Borodin, Massachusetts Institute of Technology; Grigori Olshanski","1","","","Cambridge University Press","https://doi.org/10.1017/CBO9781316798577","24-11-2016","9781316798577","","","9781107175556","27-10-2016","Cambridge Studies in Advanced Mathematics","Algebra","Theoretical physics and mathematical physics","https://www.cambridge.org/core/books/representations-of-the-infinite-symmetric-group/393CB89CD4A07B2A34695BFE5F3E2392"
"Riemannian Geometry","A Modern Introduction","Isaac Chavel, City College, City University of New York","2","","","Cambridge University Press","https://doi.org/10.1017/CBO9780511616822","12-01-2010","9780511616822","9780521619547","06-07-2006","9780521853682","06-07-2006","Cambridge Studies in Advanced Mathematics","Topology and geometry","","https://www.cambridge.org/core/books/riemannian-geometry/C36EC6F520E74EE4ABE55E968C2FECFC"
"Sets of Finite Perimeter and Geometric Variational Problems","An Introduction to Geometric Measure Theory","Francesco Maggi, Universita degli Studi di Firenze, Italy","1","","","Cambridge University Press","https://doi.org/10.1017/CBO9781139108133","05-10-2012","9781139108133","","","9781107021037","09-08-2012","Cambridge Studies in Advanced Mathematics","Abstract analysis","","https://www.cambridge.org/core/books/sets-of-finite-perimeter-and-geometric-variational-problems/F8D0DABFFFB0D444C5AD5D37B3E3DBC1"
"Soliton Equations and Their Algebro-Geometric Solutions","","Fritz Gesztesy, University of Missouri, Columbia; Helge Holden, Norwegian University of Science and Technology, Trondheim; Johanna Michor, Universitat Wien, Austria; Gerald Teschl, Universitat Wien, Austria","1","2","","Cambridge University Press","https://doi.org/10.1017/CBO9780511543203","11-01-2010","9780511543203","","","9780521753081","04-09-2008","Cambridge Studies in Advanced Mathematics","Differential and integral equations, dynamical systems and control","Mathematical physics","https://www.cambridge.org/core/books/soliton-equations-and-their-algebrogeometric-solutions/444985FF5EB231A3101AEBE8DEDAFB2B"
"Soliton Equations and their Algebro-Geometric Solutions","","Fritz Gesztesy, University of Missouri, Columbia; Helge Holden, Norwegian University of Science and Technology, Trondheim","1","1","","Cambridge University Press","https://doi.org/10.1017/CBO9780511546723","23-12-2009","9780511546723","","","9780521753074","05-06-2003","Cambridge Studies in Advanced Mathematics","Differential and integral equations, dynamical systems and control","Mathematical physics","https://www.cambridge.org/core/books/soliton-equations-and-their-algebrogeometric-solutions/0239D84F9561EB2BFA452BAAE4B0B686"
"Special Functions","A Graduate Text","Richard Beals, Yale University, Connecticut; Roderick Wong, City University of Hong Kong","1","","","Cambridge University Press","https://doi.org/10.1017/CBO9780511762543","05-06-2012","9780511762543","","","9780521197977","12-08-2010","Cambridge Studies in Advanced Mathematics","Real and complex analysis","","https://www.cambridge.org/core/books/special-functions/A0E697B24555D5E56B0FDC1CD9101DE1"
"Special Functions and Orthogonal Polynomials","","Richard Beals, Yale University, Connecticut; Roderick Wong, City University of Hong Kong","1","","","Cambridge University Press","https://doi.org/10.1017/CBO9781316227381","05-05-2016","9781316227381","","","9781107106987","19-05-2016","Cambridge Studies in Advanced Mathematics","Real and complex analysis","Algebra","https://www.cambridge.org/core/books/special-functions-and-orthogonal-polynomials/AC06AFBD9DF304B5D4E1111EA76673AA"
"Spectral Theory and Differential Operators","","E. Brian Davies, King's College London","1","","","Cambridge University Press","https://doi.org/10.1017/CBO9780511623721","08-01-2010","9780511623721","9780521587105","24-10-1996","","","Cambridge Studies in Advanced Mathematics","Abstract analysis","Differential and integral equations, dynamical systems and control","https://www.cambridge.org/core/books/spectral-theory-and-differential-operators/93D1D33A1395B4BA34C81CF615E21EF6"
"Spectral Theory and its Applications","","Bernard Helffer","1","","","Cambridge University Press","https://doi.org/10.1017/CBO9781139505727","05-03-2013","9781139505727","","","9781107032309","17-01-2013","Cambridge Studies in Advanced Mathematics","Differential and integral equations, dynamical systems and control","Theoretical physics and mathematical physics","https://www.cambridge.org/core/books/spectral-theory-and-its-applications/08793F97E428061CAEFBD6F78EC2D66F"
"Stochastic Analysis","Itô and Malliavin Calculus in Tandem","Hiroyuki Matsumoto, Aoyama Gakuin University, Japan; Setsuo Taniguchi, Kyushu University, Japan","1","","","Cambridge University Press","https://doi.org/10.1017/9781316492888","17-11-2016","9781316492888","","","9781107140516","17-11-2016","Cambridge Studies in Advanced Mathematics","Probability theory and stochastic processes","Abstract analysis","https://www.cambridge.org/core/books/stochastic-analysis/F5344894B3DBFE2579F01C2FF7838F26"
"The Theory of Fusion Systems","An Algebraic Approach","David A. Craven, University of Oxford","1","","","Cambridge University Press","https://doi.org/10.1017/CBO9780511794506","05-08-2012","9780511794506","","","9781107005969","23-06-2011","Cambridge Studies in Advanced Mathematics","Algebra","","https://www.cambridge.org/core/books/theory-of-fusion-systems/9D965BC0C808B9D9A188760E1327EFD8"
"The Three-Dimensional Navier-Stokes Equations","Classical Theory","James C. Robinson, University of Warwick; Jose L. Rodrigo, University of Warwick; Witold Sadowski, Uniwersytet Warszawski, Poland","1","","","Cambridge University Press","https://doi.org/10.1017/CBO9781139095143","05-09-2016","9781139095143","","","9781107019669","08-09-2016","Cambridge Studies in Advanced Mathematics","Differential and integral equations, dynamical systems and control","Fluid dynamics and solid mechanics","https://www.cambridge.org/core/books/threedimensional-navierstokes-equations/82EDFE5B6F236CE381E7D80E947BC94A"
"Tolerance Graphs","","Martin Charles Golumbic, University of Haifa, Israel; Ann N. Trenk, Wellesley College, Massachusetts","1","","","Cambridge University Press","https://doi.org/10.1017/CBO9780511542985","11-08-2009","9780511542985","","","9780521827584","12-02-2004","Cambridge Studies in Advanced Mathematics","Discrete mathematics, information theory and coding theory","Logic, categories and sets","https://www.cambridge.org/core/books/tolerance-graphs/C9023D5FD91A679D974DC9E3965C3016"
"Topics in Metric Fixed Point Theory","","Kazimierz Goebel; W. A. Kirk, University of Iowa","1","","","Cambridge University Press","https://doi.org/10.1017/CBO9780511526152","21-10-2009","9780511526152","9780521064064","05-06-2008","9780521382892","04-10-1990","Cambridge Studies in Advanced Mathematics","Abstract analysis","Real and complex analysis","https://www.cambridge.org/core/books/topics-in-metric-fixed-point-theory/57722E4F15554BDFEFABAE390761F00E"
"Ultrametric Calculus","An Introduction to p-Adic Analysis","W. H. Schikhof","1","","","Cambridge University Press","https://doi.org/10.1017/CBO9780511623844","12-01-2010","9780511623844","9780521032872","25-01-2007","","","Cambridge Studies in Advanced Mathematics","Abstract analysis","","https://www.cambridge.org/core/books/ultrametric-calculus/FD8E1172062BF97D41430B559C895CCC"
"Uniform Central Limit Theorems","","R. M. Dudley, Massachusetts Institute of Technology","2","","","Cambridge University Press","https://doi.org/10.1017/CBO9781139014830","05-06-2014","9781139014830","9780521738415","22-05-2014","9780521498845","22-05-2014","Cambridge Studies in Advanced Mathematics","Probability theory and stochastic processes","","https://www.cambridge.org/core/books/uniform-central-limit-theorems/08936B317287871C6F78A0735B1DD96D"
"Uniform Central Limit Theorems","","R. M. Dudley, Massachusetts Institute of Technology","1","","","Cambridge University Press","https://doi.org/10.1017/CBO9780511665622","20-05-2010","9780511665622","","","","","Cambridge Studies in Advanced Mathematics","Probability theory and stochastic processes","Abstract analysis","https://www.cambridge.org/core/books/uniform-central-limit-theorems/2B758EE0A81EB1F78F4E7961C735F0D7"
"Unit Equations in Diophantine Number Theory","","Jan-Hendrik Evertse, Universiteit Leiden; Kálmán Gyõry, Debreceni Egyetem, Hungary","1","","","Cambridge University Press","https://doi.org/10.1017/CBO9781316160749","05-12-2015","9781316160749","","","9781107097605","07-01-2016","Cambridge Studies in Advanced Mathematics","Number theory","","https://www.cambridge.org/core/books/unit-equations-in-diophantine-number-theory/12F79D4D2D65EC5D47A265DCCA82B62F"
"A User's Guide to Spectral Sequences","","John McCleary, Vassar College, New York","2","","","Cambridge University Press","https://doi.org/10.1017/CBO9780511626289","19-01-2010","9780511626289","9780521567596","08-02-2001","9780521561419","08-02-2001","Cambridge Studies in Advanced Mathematics","Topology and geometry","Algebra","https://www.cambridge.org/core/books/users-guide-to-spectral-sequences/524E3BD5DDD6D387E3C609910142F6E6"
"Wavelets and Operators","","Yves Meyer, Institut Universitaire de France, Paris; D. H. Salinger, University of Leeds","1","1","","Cambridge University Press","https://doi.org/10.1017/CBO9780511623820","24-12-2009","9780511623820","9780521458696","12-01-1995","","","Cambridge Studies in Advanced Mathematics","Abstract analysis","Differential and integral equations, dynamical systems and control","https://www.cambridge.org/core/books/wavelets-and-operators/1E2A0A9CE47CB41603C9B6080E5FFFEA"
"Zeta Functions of Graphs","A Stroll through the Garden","Audrey Terras, University of California, San Diego","1","","","Cambridge University Press","https://doi.org/10.1017/CBO9780511760426","05-03-2013","9780511760426","","","9780521113670","18-11-2010","Cambridge Studies in Advanced Mathematics","Discrete mathematics, information theory and coding theory","Number theory","https://www.cambridge.org/core/books/zeta-functions-of-graphs/D5F50D9296BCFAA6CCAE5696C8E8772B"